"Order Priority","Cost for Regular Air","Order_Count for Regular Air","Cost for Express Air","Order_Count for Express Air","Cost for Delivery Truck","Order_Count for Delivery Truck"
High,9551.619999999948,1243,1290.1000000000008,199,11000.030000000004,244
Medium,8981.299999999937,1170,1590.8300000000002,193,9461.62,205
Critical,8220.519999999962,1130,1647.6300000000003,186,10456.970000000003,222
Low,9770.629999999957,1233,1494.5900000000008,185,11104.760000000011,249
"Not Specified",9196.14999999996,1205,1344.9899999999996,172,9121.160000000005,210
