Region,"Total Sales"
West,3519628.4575000005
Ontario,2980039.5095
Prarie,2744113.4514999883
